Nº Autorizacao,Data Publicação DOU - Autorização,Código Instalação i-Simp,Razão Social,CNPJ,Endereço,COMPLEMENTO,BAIRRO,CEP,UF,MUNICÍPIO,Vinculação a Distribuidor,Data de Vinculação a Distribuidor,Delivery,Data Autorização Delivery,Número Despacho Delivery,Status PMQC
PR/SP0030544,05/02/2003,1000647,AUTO POSTO KORUJÃO PARAIBUNA LTDA,210913000132,"RODOVIA DOS TAMOIOS,  S/N",KM 46,COMÉRCIO,12260000,SP,PARAIBUNA,VIBRA,05/02/2003,NÃO,,,ADIMPLENTE
PR/SP0025263,14/05/2002,1000752,SETE ESTRELAS COMERCIO DE DERIVADOS DE PETROLEO LTDA,256893000130,"RUA DAS ANDORINHAS,  50",0,TRÂNGULO,12400000,SP,PINDAMONHANGABA,BANDEIRA BRANCA,14/05/2002,NÃO,,,ADIMPLENTE
PR/SP0021511,28/02/2002,1000742,SETE ESTRELAS COMERCIO DE DERIVADOS DE PETROLEO LTDA,256893000300,"RODOVIA AMADOR BUENO DA VEIGA,  2150",,NOSSA SENHORA DO PERPETUO SOCORRO,12424590,SP,PINDAMONHANGABA,BANDEIRA BRANCA,28/02/2002,NÃO,,,ADIMPLENTE
PR/SP0013201,14/09/2001,1000737,SETE ESTRELAS COMERCIO DE DERIVADOS DE PETROLEO LTDA,256893000645,"AVENIDA DOUTOR FRANCISCO LESSA JUNIOR,  776",,SOCORRO,12400000,SP,PINDAMONHANGABA,BANDEIRA BRANCA,14/09/2001,NÃO,,,ADIMPLENTE
PR/SP0021513,28/02/2002,1000744,SETE ESTRELAS COMERCIO DE DERIVADOS DE PETROLEO LTDA,256893000807,"RUA MAJOR DOS SANTOS MOREIRA,  1094",,CAMPO ALEGRE,12400000,SP,PINDAMONHANGABA,BANDEIRA BRANCA,28/02/2002,NÃO,,,ADIMPLENTE
PR/SP0013214,14/09/2001,1000738,SETE ESTRELAS COMERCIO DE DERIVADOS DE PETROLEO LTDA,256893001374,"AVENIDA PADROEIRA DO BRASIL,  444",,SÃO ROQUE,12570000,SP,APARECIDA,BANDEIRA BRANCA,14/09/2001,NÃO,,,ADIMPLENTE
PR/SP0018995,08/11/2001,1000741,SETE ESTRELAS COMERCIO DE DERIVADOS DE PETROLEO LTDA,256893001889,"RODOVIA VEREADOR ABEL FABRICIO DIAS,  5000",,LOTEAMENTO INDUSTRIAL AGUA PRETA,12402020,SP,PINDAMONHANGABA,BANDEIRA BRANCA,08/11/2001,NÃO,,,ADIMPLENTE
PR/SP0196452,09/06/2006,1044487,SETE ESTRELAS COMERCIO DE DERIVADOS DE PETROLEO LTDA,256893002931,"AVENIDA LEOVIGILDO DIAS  VIEIRA,  590",,ITAGUA,11680000,SP,UBATUBA,BANDEIRA BRANCA,09/06/2006,NÃO,,,ADIMPLENTE
PR/SP0071520,01/07/2009,1109884,SETE ESTRELAS COMERCIO DE DERIVADOS DE PETROLEO LTDA,256893003075,"AVENIDA DOUTOR  FRANCISCO LESSA JUNIOR,  1205",,CHACARA GALEGA,12422010,SP,PINDAMONHANGABA,BANDEIRA BRANCA,01/07/2009,NÃO,,,ADIMPLENTE
PR/SP0139927,06/08/2013,1199394,SETE ESTRELAS COMERCIO DE DERIVADOS DE PETROLEO LTDA,256893003407,"AVENIDA   TARGINO VILELLA NUNES,  789",,VILA NUNES,12603000,SP,LORENA,BANDEIRA BRANCA,06/08/2013,NÃO,,,ADIMPLENTE
PR/SP0010474,25/07/2001,1000891,JOSE TELMO R SIQUEIRA & CIA LTDA,343122000180,"RUA PAULINO FERNANDES DE CASTRO,  362",,CENTRO,12180000,SP,NATIVIDADE DA SERRA,IPIRANGA,04/11/2009,NÃO,,,ADIMPLENTE
PR/SP0003739,15/03/2001,1001051,AUTO POSTO TOLEDO & MENDES LTDA,435152000117,"AVENIDA AUGUSTO GALVAO DE FANCA,  237",,VARZEA GOUVEIA,12530000,SP,CUNHA,VIBRA,23/01/2009,NÃO,,,ADIMPLENTE
PR/SP0003492,15/03/2001,1001643,AUTO POSTO SANTA BRANCA LTDA.,826658000157,"AVENIDA SAO THOMAZ,  430",,VILA HEPACARE,12608180,SP,LORENA,BANDEIRA BRANCA,15/03/2001,NÃO,,,ADIMPLENTE
PR/SP0241594,24/05/2023,1291214,TENDA ATACADO SA,1157555006145,"AVENIDA DOUTOR RAUL NELSON GUARAGNA,  155",,JARDIM SANTA LUZIA,12411025,SP,PINDAMONHANGABA,RAIZEN,24/05/2023,NÃO,,,ADIMPLENTE
PR/SP0028177,07/11/2002,1002272,POSTO FENIX DE LORENA LTDA,1186408000162,"RODOVIA PRESIDENTE DUTRA,  S/N",KM    52 - SENTIDO RJ X SP,VILA IPE,12605530,SP,LORENA,IPIRANGA,13/09/2023,NÃO,,,ADIMPLENTE
PR/SP0019470,07/02/2002,1002486,AUTO POSTO  MOREIRA CESAR LTDA,1287005000100,"AVENIDA JOSE AUGUSTO MESQUITA,  318",,MOREIRA CESAR,12440010,SP,PINDAMONHANGABA,BANDEIRA BRANCA,07/02/2002,NÃO,,,ADIMPLENTE
PR/SP0003006,15/03/2001,1002961,J.B. ALVES LIMITADA,1511471000127,"RODOVIA VEREADOR ALBINO RODRIGUES NEVES,  S/N",ESQUINA                   ESTR. MUNICIP. SP 56      KM 55,CAFUNDO,7500000,SP,SANTA ISABEL,BANDEIRA BRANCA,17/08/2018,NÃO,,,ADIMPLENTE
AV/SP0234262,04/07/2008,1069507,HELPJET COMERCIAL LTDA,1543299000193,"RUA   GUARANI,  222",,BARRA DA LAGOA,11689046,SP,UBATUBA,BANDEIRA BRANCA,04/07/2008,NÃO,,,ADIMPLENTE
PR/SP0026119,03/09/2002,1003077,AUTO POSTO BOA VENTURA LTDA,1566535000197,"AVENIDA SARAH KUBITSCHEK DE OLIVEIRA,  800",,CENTRO,12630000,SP,CACHOEIRA PAULISTA,RAIZEN,08/10/2012,NÃO,,,ADIMPLENTE
PR/SP0018823,14/12/2001,1004540,AUTO POSTO MOTA CUNHA LTDA,2178995000100,"RUA PEDRO MAURICIO MULLER,  51",,CAMPOS DE CUNHA,12530000,SP,CUNHA,BANDEIRA BRANCA,29/10/2019,NÃO,,,ADIMPLENTE
PR/SP0001687,21/12/2000,1004612,AUTO POSTO FRANGO JAPA LTDA - EPP,2201426000139,"AVENIDA MASSAGUACU,  185",,MASSAGUACU,11665550,SP,CARAGUATATUBA,VIBRA,21/12/2000,NÃO,,,ADIMPLENTE
PR/SP0024153,27/03/2002,1005386,AUTO POSTO IPIRANGUINHA DE UBATUBA LTDA,2496227000103,"RODOVIA OSWALDO CRUZ,  3017",KM 94,IPIRANGUINHA,11680000,SP,UBATUBA,VIBRA,27/03/2002,NÃO,,,ADIMPLENTE
PR/SP0025416,03/09/2002,1005403,AUTO POSTO E LANCHONETE SANT'ANA AREIAS LTDA,2502120000112,"RUA XV DE NOVEMBRO,  600",,CENTRO,12820000,SP,AREIAS,TORRAO,07/11/2024,NÃO,,,ADIMPLENTE
PR/SP0206917,20/08/2007,1051130,AUTO POSTO ARQUIPELAGO LTDA,2724556000156,"AVENIDA MARGINAL 2,  35",,JARDIM TARUMAS,11668660,SP,CARAGUATATUBA,RAIZEN,17/01/2023,NÃO,,,ADIMPLENTE
PR/SP0002214,19/01/2001,1006650,AUTO POSTO CANAS LTDA,2894675000157,"RODOVIA DEPUTADO OSWALDO ORTIZ MONTEIRO,  880",,CENTRO,12615000,SP,CANAS,BANDEIRA BRANCA,19/01/2001,NÃO,,,ADIMPLENTE
PR/SP0003278,15/03/2001,1007140,POSTO FLOR DO TUCUM LTDA,3042782000110,"AVENIDA JOAO DE GODOY MACEDO,  10",,CENTRO,12850000,SP,BANANAL,VIBRA,20/05/2009,NÃO,,,ADIMPLENTE
PR/SP0174676,30/11/2004,1034391,AUTO POSTO SANTANA DO VALE LTDA.,3072120000192,"PRAÇA SANTANA,  35",,CENTRO,12580000,SP,ROSEIRA,BANDEIRA BRANCA,30/11/2004,NÃO,,,ADIMPLENTE
PR/SP0000891,18/08/2000,1007579,AUTO POSTO JOTI  - EIRELI,3174965000199,"AVENIDA PRESIDENTE CAMPOS SALLES,  450",460,JARAGUAZINHO,11675000,SP,CARAGUATATUBA,IPIRANGA,27/07/2012,NÃO,,,ADIMPLENTE
PR/SP0003193,15/03/2001,1007720,AUTO POSTO VILA RICA - SAO CRISTOVAO LTDA,3219617000190,"AVENIDA MINAS GERAIS,  1.200",,II RET. MANTIQUEIRA,12712010,SP,CRUZEIRO,BANDEIRA BRANCA,23/05/2007,NÃO,,,ADIMPLENTE
PR/SP0030952,28/09/2011,1007855,AUTO POSTO PRAIA CENTER LTDA,3255192000175,"AVENIDA DR. ARTHUR COSTA FILHO,  841",,CENTRO,11660490,SP,CARAGUATATUBA,VIBRA,28/09/2011,NÃO,,,ADIMPLENTE
PR/SP0170092,15/10/2015,1218402,AUTO POSTO PRAIA CENTER LTDA,3255192000256,"RUA DOZE,  22",,CAPRICORNIO II,11676564,SP,CARAGUATATUBA,VIBRA,15/10/2015,NÃO,,,ADIMPLENTE
PR/SP0018725,06/12/2001,1007888,AUTO POSTO SILVEIRAS LTDA,3264054000152,"AVENIDA CIRO MOREIRA DE ANDRADE,  2299",,VENTURA,12690000,SP,SILVEIRAS,BANDEIRA BRANCA,06/12/2001,NÃO,,,ADIMPLENTE
PR/SP0008845,08/05/2001,1008858,POSTO DOM PEDRO VARGEM LTDA,3522545000156,"RUA GERALDINO DE OLIVEIRA,  269",,CENTRO,12935000,SP,VARGEM,BANDEIRA BRANCA,08/05/2001,NÃO,,,ADIMPLENTE
PR/SP0001951,01/12/2000,1010336,AUTO POSTO MANTO AZUL LTDA - EPP,3987303000138,"AVENIDA ITAGUACU,  4020",,PQ RES ITAGUACU,12570000,SP,APARECIDA,BANDEIRA BRANCA,01/12/2000,NÃO,,,ADIMPLENTE
PR/SP0174598,21/09/2004,162725,BELA VISTA SERVICOS AUTOMOTIVOS LTDA,4207773000102,"ESTRADA MUNICIPAL DO ESPIRITO SANTO,  S/N",,BAIRRO DA FARTURA,12260000,SP,PARAIBUNA,BANDEIRA BRANCA,21/09/2004,NÃO,,,ADIMPLENTE
PR/SP0216135,07/08/2007,1058493,AUTO POSTO VERRESCHI LTDA,4275419000107,"RODOVIA PAULO VIRGINIO,  SN",KM 28,CEDRO,12530000,SP,CUNHA,BANDEIRA BRANCA,15/04/2024,NÃO,,,ADIMPLENTE
PR/SP0026065,05/08/2002,1012305,PINHO COMERCIO DE COMBUSTIVEIS E DERIVADOS LTDA.,4597735000103,"AVENIDA NOSSA SENHORA DO PERPETUO SOCORRO,  1914",,SOCORRO,12421010,SP,PINDAMONHANGABA,IPIRANGA,04/11/2009,NÃO,,,ADIMPLENTE
PR/SP0027297,05/09/2002,1012507,CHORORAO COMBUSTIVEIS LTDA,4671912000146,"RUA SEBASTIAO BARRETO DA SILVA,  S/N",,CHORORAO,12260000,SP,PARAIBUNA,VIBRA,05/09/2002,NÃO,,,ADIMPLENTE
PR/SP71481,13/08/2015,1216915,AUTO POSTO PRAIA DE SAO FRANCISCO LTDA,4736440000243,"RODOVIA OSWALDO CRUZ,  770",,MATO DENTRO,11680000,SP,UBATUBA,RAIZEN,13/08/2015,NÃO,,,ADIMPLENTE
PR/SP0170369,29/05/2015,1215082,AUTO POSTO PRAIA DE SAO FRANCISCO LTDA,4736440000324,"AVENIDA MARECHAL FLORIANO PEIXOTO,  20",,POIARES,11673000,SP,CARAGUATATUBA,RAIZEN,29/05/2015,NÃO,,,ADIMPLENTE
PR/SP0031000,12/03/2003,1013012,VERANEIO AUTO POSTO UBATUBA LTDA.,4864806000189,"RUA MARIA VITORIA JEAN,  531",,CENTRO,11680000,SP,UBATUBA,VIBRA,12/03/2003,NÃO,,,ADIMPLENTE
PF/SP0197384,07/07/2006,1045050,POSTO FLUTUANTE IMOLA LTDA,5123688000110,"PRAIA SACO DA RIBEIRA,  S/N",,SACO DA RIBEIRA,11680000,SP,UBATUBA,VIBRA,07/07/2006,NÃO,,,ADIMPLENTE
PR/SP0212869,18/05/2007,1055856,AUTO POSTO ITAGUA DE UBATUBA LTDA.,5212042000100,"RUA CAPITAO FELIPE,  387",/////////////////////,ITAGUA,11680000,SP,UBATUBA,RAIZEN,18/05/2011,NÃO,,,ADIMPLENTE
PR/SP0030964,23/06/2005,1056335,AUTO POSTO FLECHEIRA LTDA.,5339816000168,"AVENIDA JOSE HERCULANO,  7167",,TRAVESSAO,11669330,SP,CARAGUATATUBA,IPIRANGA,01/10/2015,NÃO,,,ADIMPLENTE
PR/SP0168100,06/09/2004,161836,AUTO POSTO BRASIL GAS LORENA LTDA,5616532000171,"RUA CASTRO ALVES,  613",,VILA ZELIA,12606560,SP,LORENA,BANDEIRA BRANCA,06/09/2004,NÃO,,,ADIMPLENTE
PR/SP0163550,07/10/2003,160762,POSTO CRUZEIRO CENTRAL LTDA.,5776305000103,"RUA DOUTOR CELESTINO,  558",,CENTRO,12701430,SP,CRUZEIRO,VIBRA,18/07/2007,NÃO,,,ADIMPLENTE
PR/SP0171809,21/10/2015,1218570,POSTO SOL DA DUTRA LTDA.,6012414000621,"RODOVIA PRESIDENTE DUTRA,  S/N",KM 101,UNA,12400970,SP,PINDAMONHANGABA,BANDEIRA BRANCA,01/12/2022,NÃO,,,ADIMPLENTE
PR/SP0230016,06/10/2022,1287060,POSTO SOL DA DUTRA LTDA.,6012414000893,"RODOVIA PRESIDENTE DUTRA,  S/N",KM 96,MOREIRA CESAR,12400000,SP,PINDAMONHANGABA,BANDEIRA BRANCA,06/10/2022,NÃO,,,ADIMPLENTE
PR/SP0251054,15/10/2025,1313767,POSTO SOL DA DUTRA LTDA.,6012414001199,"RODOVIA PRESIDENTE DUTRA,  S/N",KM    25 E 38 MTS,ZONA RURAL,12760000,SP,LAVRINHAS,VIBRA,15/10/2025,NÃO,,,ADIMPLENTE
PR/SP0251097,20/10/2025,1313872,POSTO SOL DA DUTRA LTDA.,6012414001270,"RODOVIA PRESIDENTE DUTRA,  S/N",KM    26 E 51 MTS,ZONA RURAL,12760000,SP,LAVRINHAS,BANDEIRA BRANCA,20/10/2025,NÃO,,,ADIMPLENTE
PR/SP0179760,22/03/2005,1036157,AUTO POSTO MAR VIRADO LTDA,6697685000153,"RUA DR ALTINO ARANTES,  116",,CENTRO,11660020,SP,CARAGUATATUBA,VIBRA,22/07/2015,NÃO,,,ADIMPLENTE
PR/SP0190837,08/02/2007,1051493,AUTO POSTO BRASIL GAS PINDA LTDA,6975639000179,"RODOVIA PRESIDENTE DUTRA,  KM 87",,MOREIRA CESAR,12440245,SP,PINDAMONHANGABA,BANDEIRA BRANCA,08/02/2007,NÃO,,,ADIMPLENTE
PR/SP0206604,31/01/2007,1051087,AUTO POSTO BRASIL GAS CIDADE NOVA DE PINDA LTDA,7022736000100,"AVENIDA GASTAO VIDIGAL NETO,  1200",LOTES 15/16/17 - QUADRA - B1,CIDADE NOVA,12414020,SP,PINDAMONHANGABA,BANDEIRA BRANCA,31/01/2007,NÃO,,,ADIMPLENTE
PF/SP0184786,07/04/2005,1036605,D. CONFIANCA POSTO DE SERVICOS LTDA,7047212000173,"RUA DR. FRANCISCO GOMES DA SILVA PRADO,  40",BOX   3,SACO DO INDAIA,11630000,SP,ILHABELA,VIBRA,07/04/2005,NÃO,,,ADIMPLENTE
PR/SP0229302,10/06/2008,1066368,AUTO POSTO A FERA DE SANTA ISABEL LTDA.,7124666000109,"RUA PREFEITO JOSE BASILIO ALVARENGA,  141",151,CENTRO,7500000,SP,SANTA ISABEL,VIBRA,03/04/2013,NÃO,,,ADIMPLENTE
PR/SP0189389,19/09/2005,1040006,PETROMARKKA AUTO POSTO LTDA,7308325000185,"AVENIDA CEL. BERTOLDO,  147",,CENTRO,7500000,SP,SANTA ISABEL,VIBRA,19/02/2013,NÃO,,,ADIMPLENTE
PR/SP0213237,31/05/2007,1056250,POSTO E SERVICOS TIGRAO DA DUTRA LTDA,7543502000108,"RODOVIA PRESIDENTE DUTRA,  S/N",KM 12,ENTUPIDO,12800000,SP,QUELUZ,BANDEIRA BRANCA,08/03/2016,NÃO,,,ADIMPLENTE
PR/SP0191547,21/03/2019,1056251,SIQUEIRA CAMPOS & CAMPOS LTDA.,7587338000130,"AVENIDA DAHER PEDRO,  918",,FALCAO,12530000,SP,CUNHA,RUFF C.J.,21/03/2019,NÃO,,,ADIMPLENTE
PR/SP0200659,03/10/2006,1047088,AUTO POSTO CACHOEIRA PAULISTA LTDA.,7673415000175,"RODOVIA PRESIDENTE DUTRA,  S/N",KM 37,ZONA RURAL,12630000,SP,CACHOEIRA PAULISTA,RAIZEN,11/03/2011,NÃO,,,ADIMPLENTE
PR/SP0196532,09/06/2006,1044525,AUTO POSTO PRAIA DA FLECHEIRA LTDA,7679108000100,"AVENIDA GASPAR DE SOUZA,  450",,PRAIA DAS PALMEIRAS,11666250,SP,CARAGUATATUBA,BANDEIRA BRANCA,02/07/2015,NÃO,,,ADIMPLENTE
PR/SP0220102,05/11/2007,1060799,AUTO POSTO LITORAL VALE LTDA.,7939610000102,"AVENIDA   UM,  320",,TABATINGA,11679010,SP,CARAGUATATUBA,VIBRA,05/11/2007,NÃO,,,ADIMPLENTE
PR/SP0203894,19/12/2006,1049074,AUTO POSTO LIDER FAZENDA LTDA,8299526000126,"RODOVIA VEREADOR ABEL FABRICIO DIAS,  2651",,VILA SAO BENEDITO,12445010,SP,PINDAMONHANGABA,RAIZEN,11/12/2013,NÃO,,,ADIMPLENTE
PR/SP0217174,29/08/2007,1059079,AUTO POSTO PORTAL PEREQUE-ACU LTDA,8362201000140,"AVENIDA PADRE MANOEL DA NOBREGA,  2240",,PEREQUE-ACU,11680000,SP,UBATUBA,VIBRA,29/08/2007,NÃO,,,ADIMPLENTE
PR/SP0219585,23/10/2007,1060505,CENTRO AUTOMOTIVO BP LTDA.,8883186000186,"AVENIDA JOSE HERCULANO,  5437",,PORTO NOVO,11667000,SP,CARAGUATATUBA,BANDEIRA BRANCA,23/10/2007,NÃO,,,ADIMPLENTE
PR/SP0068603,30/04/2009,1108724,UBATUBA SERVICOS AUTOMOTIVOS LTDA,8967293000192,"RUA ANTONIO MARQUES DO VALE,  146",,CENTRO,11680000,SP,UBATUBA,ALE,15/05/2023,NÃO,,,ADIMPLENTE
PR/SP0061148,10/09/2008,1102627,AUTO POSTO TREVO DE CARAGUA LTDA,9603710000180,"PRAÇA PRIMEIRO CENTENARIO,  60",,CAPUTERA,11675010,SP,CARAGUATATUBA,VIBRA,10/09/2008,NÃO,,,ADIMPLENTE
PR/SP0106782,15/02/2012,1183392,LUANA CARVALHO DA SILVA - COMBUSTIVEIS - ME,9812877000151,"RODOVIA DOS TAMOIOS,  S/Nº",KM 60,CENTRO,12260000,SP,PARAIBUNA,BANDEIRA BRANCA,07/04/2017,NÃO,,,ADIMPLENTE
PR/SP0084522,08/07/2010,1163338,AUTO POSTO TRES PRAIAS DE UBATUBA LTDA,10571192000140,"AVENIDA MARGINAL,  1950",,PEREQUE MIRIM,11680000,SP,UBATUBA,VIBRA,08/07/2010,NÃO,,,ADIMPLENTE
PR/SP0067443,31/03/2009,1108100,AUGE COMBUSTVEIS E LOGISTICA LTDA.,10573669000126,"RUA LUIZ DOMICIANO DE CASTRO,  97/99",,CENTRO,12525000,SP,POTIM,VIBRA,06/09/2021,NÃO,,,ADIMPLENTE
PR/SP0068106,15/04/2009,1108338,AUTO POSTO OCEANO LTDA,10599431000170,"RUA DONA MARIA ALVES,  604",,CENTRO,11680000,SP,UBATUBA,BANDEIRA BRANCA,15/04/2009,NÃO,,,ADIMPLENTE
PR/SP0170085,07/05/2015,1214487,POSTO MAXIMO CARAGUA LTDA,10655049000136,"AVENIDA JOSE HERCULANO,  4860",,PRAIA DAS PALMEIRAS EM CARAGUATATUBA,11666000,SP,CARAGUATATUBA,BANDEIRA BRANCA,07/05/2015,NÃO,,,ADIMPLENTE
PR/SP0076720,16/10/2009,1153579,AUTO POSTO BRASIL GAS SP-RJ LTDA,10704173000144,"RODOVIA PRESIDENTE DUTRA,  1030",,KM 52 SENTIDO SAO PAULO/RIO - PARQUE DAS RODOVIAS,12605467,SP,LORENA,BANDEIRA BRANCA,16/10/2009,NÃO,,,ADIMPLENTE
PR/SP0071664,06/07/2009,1109907,AUTO POSTO LUDINA LTDA,10713366000161,"RUA ORRIS BENEDITO BARBOSA,  457",,PITEU,12630000,SP,CACHOEIRA PAULISTA,BANDEIRA BRANCA,12/11/2019,NÃO,,,ADIMPLENTE
PR/SP0080732,17/02/2010,1158865,AUTO POSTO RB ANDRADE LTDA,10765882000130,"RUA DOUTOR FREDERICO MACHADO,  27",,CENTRO,12410040,SP,PINDAMONHANGABA,BANDEIRA BRANCA,29/05/2017,NÃO,,,ADIMPLENTE
PR/SP0075841,07/10/2009,1153271,AUTO POSTO LORINHO LTDA.,11001392000120,"AVENIDA PROFESSOR MANOEL C. RIBEIRO,  4100",,JARDIM ELOYNA,12400000,SP,PINDAMONHANGABA,BANDEIRA BRANCA,10/08/2016,NÃO,,,ADIMPLENTE
PR/SP0080709,17/02/2010,1158905,POSTO DE SERVICO AUTOMOTIVO LAGOINHA LTDA,11014038000130,"AVENIDA MARGINAL,  326",,LAGOINHA,11680000,SP,UBATUBA,VIBRA,02/05/2016,NÃO,,,ADIMPLENTE
PM/SP0250272,16/07/2025,1311370,POSTO DE SERVICO AUTOMOTIVO LAGOINHA LTDA,11014038000210,"RUA PLINIO FRANCA,  330",CAIS  SACO DA RIBEIRA,SACO DA RIBEIRA,11685716,SP,UBATUBA,VIBRA,16/07/2025,NÃO,,,ADIMPLENTE
PR/SP0078863,21/12/2009,1156302,AUTO POSTO DOCE MAR LTDA,11034435000173,"RUA IRENE,  135",,ITAGUA,11680000,SP,UBATUBA,BANDEIRA BRANCA,21/12/2009,NÃO,,,ADIMPLENTE
PR/SP0080064,04/02/2010,1157844,ECOILHA POSTO DE SERVICOS LTDA,11215831000105,"AVENIDA PRINCESA ISABEL,  2284",,BARRA VELHA,11630000,SP,ILHABELA,BANDEIRA BRANCA,04/02/2010,NÃO,,,ADIMPLENTE
PR/SP0082226,05/04/2010,1160519,AUTO POSTO AEROPORTO DE UBATUBA LTDA,11307599000127,"AVENIDA ANTONIO CARLOS RIBEIRO,  0",,CENTRO,11680000,SP,UBATUBA,RAIZEN,14/07/2011,NÃO,,,ADIMPLENTE
PR/SP0085953,28/09/2010,1166282,POSTO SETE LORENA LTDA,11326281000193,"AVENIDA SETE DE SETEMBRO,  817",,BAIRRO DA CRUZ,12606150,SP,LORENA,BANDEIRA BRANCA,28/09/2010,NÃO,,,ADIMPLENTE
PF/SP0084404,25/06/2010,1162945,POSTO FLUTUANTE MONACO LTDA,11391765000116,"AVENIDA PLINIO FRANCA,  85",PIER SACO DA RIBEIRA,PRAIA DO SACO DA RIBEIRA,11680000,SP,UBATUBA,VIBRA,25/06/2010,NÃO,,,ADIMPLENTE
PR/SP0085186,16/09/2010,1165528,PRINCESA DO VALE AUTO POSTO & SERVICOS LTDA,11568323000100,"AVENIDA ITAGUASSU,  1616",,SAO SEBASTIAO,12576200,SP,APARECIDA,BANDEIRA BRANCA,20/08/2024,NÃO,,,ADIMPLENTE
PR/SP0090522,17/01/2011,1169438,CENTRO AUTOMOTIVO AJ & AR LTDA,12636131000149,"AVENIDA PRESIDENTE CASTELO BRANCO,  614",,SUMARE,11661300,SP,CARAGUATATUBA,RAIZEN,25/10/2012,NÃO,,,ADIMPLENTE
PR/SP0095582,27/05/2011,1173897,AUTO POSTO MENEGUZZI LTDA,13471573000145,"RUA PREFEITO ANTONINHO FRANÇA,  7",,CENTRO,12800000,SP,QUELUZ,BANDEIRA BRANCA,27/05/2011,NÃO,,,ADIMPLENTE
PR/SP0100047,18/01/2012,1182059,POSTO 2 ABASTECIMENTO DE COMBUSTIVEIS LTDA,13896264000117,"RUA ENGENHEIRO ANTONIO PENIDO,  1349",,VILA CANEVARI,12710000,SP,CRUZEIRO,BANDEIRA BRANCA,18/01/2012,NÃO,,,ADIMPLENTE
PR/SP0100046,02/09/2011,1177385,MJR COMERCIO DE COMBUSTIVEIS LTDA.,13896271000119,"RUA DR. CELESTINO,  1.307",,VILA CANEVARI,12710260,SP,CRUZEIRO,BANDEIRA BRANCA,26/12/2016,NÃO,,,ADIMPLENTE
PR/SP0100805,05/09/2011,1177418,AUTO POSTO BRITANIA DO LITORAL LTDA,13995391000173,"RUA ALVARO THEODORO DA CRUZ,  415",,JARDIM BRITANIA,11672190,SP,CARAGUATATUBA,IPIRANGA,25/06/2020,NÃO,,,ADIMPLENTE
PR/SP0104063,11/01/2012,1181825,AUTO POSTO LIDER DE UBATUBA LTDA,14314376000185,"AVENIDA MADAME CURIE,  66",,PEREQUE-ACU,11680000,SP,UBATUBA,IPIRANGA,11/01/2012,NÃO,,,ADIMPLENTE
PR/SP0113663,18/12/2012,1193004,AUTO POSTO LIDER CRUZEIRO LTDA.,15237666000135,"RUA ENGENHEIRO ANTONIO PENIDO,  875",,VILA CANEVARI,12710000,SP,CRUZEIRO,IPIRANGA,29/01/2013,NÃO,,,ADIMPLENTE
PR/SP0115205,08/11/2012,1191986,UMUARAMA SERVIÇOS AUTOMOTIVOS LTDA,15593566000141,"AVENIDA RIO GRANDE DO SUL,  1197",,CENTRO,11680000,SP,UBATUBA,BANDEIRA BRANCA,20/05/2016,NÃO,,,ADIMPLENTE
PR/SP0153083,17/04/2014,1205692,AUTO POSTO MORRO SANTO ANTONIO LTDA,15753624000157,"AVENIDA MARGINAL,  6155",,MASSAGUACU,11677000,SP,CARAGUATATUBA,RAIZEN,06/05/2022,NÃO,,,ADIMPLENTE
PR/SP0139963,06/08/2013,1199363,AUTO POSTO PEROLA DE UBATUBA LTDA,16628227000116,"PRACA 13 DE MAIO,  71",,CENTRO,11690168,SP,UBATUBA,RAIZEN,06/08/2013,NÃO,,,ADIMPLENTE
PR/SP0149125,03/02/2014,1203992,AUTOPINDA 2 ADMINISTRACAO PARTICIPACOES E SERVICOS AUTOMOTIVOS LTDA,18110581000180,"RUA ALCIDES RAMOS NOGUEIRA,  583",,MOMBACA,12421705,SP,PINDAMONHANGABA,VIBRA,03/02/2014,NÃO,,,ADIMPLENTE
PR/SP0179121,16/01/2017,1230613,AUTOPINDA 2 ADMINISTRACAO PARTICIPACOES E SERVICOS AUTOMOTIVOS LTDA,18110581000260,"RUA DOUTOR RODRIGO ROMERO,  25",,CRISPIM,12402060,SP,PINDAMONHANGABA,VIBRA,16/01/2017,NÃO,,,ADIMPLENTE
PR/SP0151082,05/06/2014,1206703,AUTO POSTO TRIUNFO PEREQUE ACU LTDA,18209275000103,"AVENIDA PADRE MANOEL DA NOBREGA,  1360",,PEREQUE ACU,11695164,SP,UBATUBA,BANDEIRA BRANCA,05/06/2014,NÃO,,,ADIMPLENTE
PR/SP0143962,11/12/2013,1202710,POSTO 3 ABASTECIMENTO DE COMBUSTIVEIS LTDA,18339634000139,"AVENIDA GOVERNADOR JANIO QUADROS,  389",,DOUTOR JOAO BATISTA,12720000,SP,CRUZEIRO,BANDEIRA BRANCA,11/12/2013,NÃO,,,ADIMPLENTE
PR/SP0167890,10/02/2015,1212821,POSTO CIDADE QUELUZ LTDA,20311418000127,"RODOVIA PRESIDENTE DUTRA,  S/N","TRECHO QUELUZ - SP,       KM 08",ZONA SUBURBANA,12800000,SP,QUELUZ,CIAPETRO,10/02/2015,NÃO,,,ADIMPLENTE
PR/SP0167711,19/11/2014,1210753,POSTO SERRA DA BOCAINA LTDA,20358063000121,"RUA MANOEL DE AGUIAR,  119",,CENTRO,12850000,SP,BANANAL,IPIRANGA,19/11/2014,NÃO,,,ADIMPLENTE
PR/SP0173846,16/03/2016,1221907,REDE DOM PEDRO DE POSTOS LTDA.,20415295003009,"RODOVIA PRESIDENTE DUTRA,  S/N",KM 71,PADRE VITOR,12570000,SP,APARECIDA,RAIZEN,16/03/2016,NÃO,,,ADIMPLENTE
PR/SP0184438,22/12/2017,1239949,REDE DOM PEDRO DE POSTOS LTDA.,20415295004242,"RODOVIA PRESIDENTE DUTRA,  S/N",KM    49.7,PARQUE MONDESIR,12605530,SP,LORENA,RAIZEN,22/12/2017,NÃO,,,ADIMPLENTE
PR/SP0250935,03/10/2025,1313455,REDE DOM PEDRO DE POSTOS LTDA.,20415295008310,"RODOVIA PRESIDENTE DUTRA,  S/N",KM    86,MOREIRA CESAR,12440245,SP,PINDAMONHANGABA,RAIZEN,16/10/2025,NÃO,,,ADIMPLENTE
PR/SP70974,09/07/2015,1215970,AUTO POSTO BRASIL GAS CANAS RJ-SP LTDA,20885960000193,"RODOVIA PRESIDENTE DUTRA,  S/N","KM    45,7",ALTO DO CRUZEIRO,12615000,SP,CANAS,BANDEIRA BRANCA,09/07/2015,NÃO,,,ADIMPLENTE
PR/SP0171480,13/08/2015,1216906,AGP COMERCIO DE COMBUSTIVEIS EIRELI,21286314000172,"AL FRANCISCO DA CUNHA MENEZES,  1155",,FALCAO,12530000,SP,CUNHA,IPIRANGA,13/08/2015,NÃO,,,ADIMPLENTE
PR/SP0178851,21/12/2016,1229981,AUTO POSTO LIDER PIQUETE LTDA - EPP,23878891000189,"RODOVIA ITAJUBA LORENA,  327",: 329 - BR 459;,VILA CELESTE,12620000,SP,PIQUETE,RAIZEN,21/12/2016,NÃO,,,ADIMPLENTE
PR/SP0176549,21/07/2016,1225370,AUTO POSTO & SERVICOS CAMINHO DO OURO LTDA,24383849000150,"PRACA EDGAR JOSE DE OLIVEIRA,  100",,VILA RICA,12530000,SP,CUNHA,BANDEIRA BRANCA,21/07/2016,NÃO,,,ADIMPLENTE
PR/SP0177332,20/10/2016,1228146,AUTO POSTO BRASIL GAS SANTA ISABEL LTDA,24496451000120,"RODOVIA PRESIDENTE DUTRA,  S/N",KM    195,CACHOEIRA,7500000,SP,SANTA ISABEL,BANDEIRA BRANCA,20/10/2016,NÃO,,,ADIMPLENTE
PR/SP0181384,14/06/2017,1234360,AUTO POSTO SANTO ANTONIO DE CARAGUA LTDA,24864224000100,"AVENIDA MIGUEL VARLEZ,  700",,JARDIM PRIMAVERA,11660650,SP,CARAGUATATUBA,IPIRANGA,14/06/2017,NÃO,,,ADIMPLENTE
PR/SP0194068,19/08/2019,1256706,POSTO 9 ABASTECIMENTO DE COMBUSTIVEIS LTDA,25215793000197,"ESTRADA MUNICIPAL PIQUETE 491,  20",,JARDIM SANTA ISABEL,12620000,SP,PIQUETE,BANDEIRA BRANCA,20/02/2026,NÃO,,,ADIMPLENTE
PR/SP0178900,28/12/2016,1230221,AUTO POSTO CONFIANCA PINDAMONHANGABA LTDA,26201564000186,"AVENIDA NOSSA SENHORA DO BOM SUCESSO,  1084",,ALTO DO CARDOSO,12420010,SP,PINDAMONHANGABA,RAIZEN,28/12/2016,NÃO,,,ADIMPLENTE
PR/SP0199110,27/04/2020,1263377,AUTO POSTO LINCE DO VALE LTDA,27017843000319,"AVENIDA SEVERINO MOREIRA BARBOSA,  193",,CENTRO,12630000,SP,CACHOEIRA PAULISTA,BANDEIRA BRANCA,21/08/2025,NÃO,,,ADIMPLENTE
PR/SP0185651,07/03/2018,1241687,AUTO POSTO VIP LORENA LTDA,28039566000146,"RUA JOAQUIM LUIS BASTOS,  38",CENTRO,CRUZ,12606090,SP,LORENA,IPIRANGA,07/03/2018,NÃO,,,ADIMPLENTE
PR/SP0197077,15/01/2020,1260804,AUTO POSTO LIDER ARARETAMA LTDA,28068405000180,"AVENIDA PREFEITO NICANOR RAMOS NOGUEIRA (ARARETAMA),  1020",,CONJUNTO RESIDENCIAL ARARETAMA,12423010,SP,PINDAMONHANGABA,RAIZEN,20/12/2021,NÃO,,,ADIMPLENTE
PR/SP0193990,19/08/2019,1256678,AUTO POSTO PORTAL DE SANTA ISABEL LTDA,28893269000163,"AVENIDA CORONEL BERTOLDO,  1.159",LOTE  4 AO 7              QUADRAB,MORRO GRANDE,7500000,SP,SANTA ISABEL,IPIRANGA,19/08/2019,NÃO,,,ADIMPLENTE
PR/SP0231836,09/11/2022,1287568,AUTO POSTO BRASIL GAS CIDADE INDUSTRIAL LTDA,30430141000105,"AVENIDA TOMAZ ALVES DE FIGUEIREDO,  990",,CIDADE INDUSTRIAL,12609166,SP,LORENA,BANDEIRA BRANCA,09/11/2022,NÃO,,,ADIMPLENTE
PR/SP0189058,02/10/2018,1247853,AUTO POSTO MARANDUBA DE UBATUBA LTDA,30978131000109,"RODOVIA MANOEL HIPOLITO DO REGO,  S/N",KM 79 MAIS 785 MTS,MARANDUBA,11680000,SP,UBATUBA,BANDEIRA BRANCA,02/10/2018,NÃO,,,ADIMPLENTE
PR/SP0191314,28/02/2019,1251906,AUTO POSTO ESQUINA 3 LTDA,31922926000168,"RUA SANTA CRUZ,  51",,CENTRO,12701470,SP,CRUZEIRO,RAIZEN,28/02/2019,NÃO,,,ADIMPLENTE
PR/SP0218198,15/12/2021,1279655,AUTO POSTO ESQUINA 3 LTDA,31922926000249,"RUA CORONEL JOSE DE CASTRO,  160",,CENTRO,12701450,SP,CRUZEIRO,RAIZEN,15/12/2021,NÃO,,,ADIMPLENTE
PR/SP0247977,16/10/2024,1305060,AUTO POSTO ESQUINA 3 LTDA,31922926000320,"RODOVIA DOUTOR AVELINO JUNIOR,  2500",,VILA PONTILHAO,12704410,SP,CRUZEIRO,RAIZEN,16/10/2024,NÃO,,,ADIMPLENTE
PR/SP0194710,23/09/2019,1257508,AUTO POSTO VITORIA LTDA,34100473000182,"AVENIDA MIGUEL VARLEZ,  182",,JARDIM PRIMAVERA,11660650,SP,CARAGUATATUBA,BANDEIRA BRANCA,26/09/2019,NÃO,,,ADIMPLENTE
PR/SP0252449,01/04/2026,1317677,AUTO POSTO SAO JOSE PINDA LTDA,35692910000167,"RUA VENEZUELA,  25",,VILA SAO JOSE,12445560,SP,PINDAMONHANGABA,BANDEIRA BRANCA,01/04/2026,NÃO,,,ADIMPLENTE
PR/SP0247756,20/09/2024,1304462,POSTO PINDA DUTRA LTDA,36129157000169,"RODOVIA PRESIDENTE DUTRA,  94,850",KM    .,CAMPINAS,12400970,SP,PINDAMONHANGABA,BANDEIRA BRANCA,20/09/2024,NÃO,,,ADIMPLENTE
PR/SP0206836,29/01/2021,1270761,AUTO POSTO ACQUAMARINE DE CARAGUA LTDA,37155916000120,"AVENIDA JOSE HERCULANO,  3970",,JARDIM BRITANIA,11666000,SP,CARAGUATATUBA,BANDEIRA BRANCA,29/01/2021,NÃO,,,ADIMPLENTE
PR/SP0243110,02/08/2023,1293996,AUTO POSTO NOVA ERA CARAGUA LTDA,37516180000179,"AVENIDA PAULO FERRAZ DA SILVA PORTO,  525",,PRAINHA,11661570,SP,CARAGUATATUBA,VIBRA,02/08/2023,NÃO,,,ADIMPLENTE
PM/SP0203856,05/11/2020,1268395,POSTO NAUTICO ITAGUA LTDA,37667688000178,"ESTRADA PROFESSOR JOAQUIM LAURO MONTE CLARO,  1.698",,PONTA GROSSA - PRAIA VERMELHA,11680000,SP,UBATUBA,BANDEIRA BRANCA,05/11/2020,NÃO,,,ADIMPLENTE
PR/SP0206761,29/01/2021,1270765,AUTO POSTO SUBIDA DA SERRA LTDA,37751962000192,"RODOVIA DOS TAMOIOS,  SN",KM    65,RIO PARDO,12260000,SP,PARAIBUNA,RAIZEN,29/01/2021,NÃO,,,ADIMPLENTE
PR/SP0213076,11/08/2021,1276070,PEIXOTO DE OLIVEIRA COMERCIO DE COMBUSTIVEIS LTDA,37816780000152,"11A RUA EDUARDO QUERIDO,  200",,CENTRO,12530000,SP,CUNHA,RAIZEN,11/08/2021,NÃO,,,ADIMPLENTE
PR/SP0018298,27/11/2001,1019956,AUTO POSTO E SHOPPING CENTER CANTO DA SEREIA LTDA,39002274000155,"RUA TENENTE MANOEL BARBOSA DA SILVA,  50",,MARANDUBA,11681296,SP,UBATUBA,RAIZEN,26/03/2025,NÃO,,,ADIMPLENTE
PR/SP0222640,24/03/2022,1282313,MONTARA AUTO POSTO LTDA,39428261000142,"ALAMEDA FRANCISCO DA CUNHA MENEZES,  669",,FALCAO,12530000,SP,CUNHA,BANDEIRA BRANCA,24/03/2022,NÃO,,,ADIMPLENTE
PR/SP0208432,27/04/2021,1272938,HURACAN AUTO POSTO LTDA,39952685000101,"AVENIDA DOUTOR PEIXOTO DE CASTRO,  2030",,CRUZ,12606580,SP,LORENA,IPIRANGA,27/04/2021,NÃO,,,ADIMPLENTE
PR/SP0219726,25/01/2022,1280667,AUTO POSTO PORTAL DA ILHA LTDA,40655992000100,"1A AVENIDA PRINCESA ISABEL,  1478",,PEREQUE,11630000,SP,ILHABELA,RAIZEN,25/01/2022,NÃO,,,ADIMPLENTE
PR/SP0217299,17/11/2021,1278886,AUTO POSTO POUSO ALTO LTDA,41512774000189,"AVENIDA GERALDO CASSIANO DE SOUZA,  780",,POUSO ALTO,12180000,SP,NATIVIDADE DA SERRA,BANDEIRA BRANCA,17/11/2021,NÃO,,,ADIMPLENTE
PR/SP0003431,15/03/2001,1020670,AUTO POSTO E RESTAURANTE APARECIDA LTDA,43663160000123,"RODOVIA PRESIDENTE DUTRA,  S/N",KM 71,SANTA LUZIA,12570000,SP,APARECIDA,BANDEIRA BRANCA,10/05/2008,NÃO,,,ADIMPLENTE
PR/SP0199075,22/04/2020,1263296,AUTO POSTO E RESTAURANTE APARECIDA LTDA,43663160000395,"RODOVIA PRESIDENTE DUTRA,  S/N",KM 84                     3,MOREIRA CESAR,12440245,SP,PINDAMONHANGABA,BANDEIRA BRANCA,14/07/2023,NÃO,,,ADIMPLENTE
PR/SP0199661,26/05/2020,1264008,AUTO POSTO E RESTAURANTE APARECIDA LTDA,43663160000476,"RODOVIA PRESIDENTE DUTRA,  S/N",KM 88,MOREIRA CESAR,12440245,SP,PINDAMONHANGABA,BANDEIRA BRANCA,26/05/2020,NÃO,,,ADIMPLENTE
PR/SP0030680,22/02/2003,1020671,POSTO ARCO IRIS DE ROSEIRA LTDA,43667922000160,"RODOVIA PRESIDENTE DUTRA,  S/N",KM    82,PIRAPITINGUY,12582031,SP,ROSEIRA,VIBRA,22/02/2003,NÃO,,,ADIMPLENTE
PR/SP0015818,10/10/2001,1020869,CRIS AUTO POSTO LTDA,44339638000127,"AVENIDA DA REPUBLICA,  741",,CENTRO,7500000,SP,SANTA ISABEL,BANDEIRA BRANCA,25/03/2008,NÃO,,,ADIMPLENTE
PR/SP0021046,07/02/2002,1020870,AUTO POSTO MONTE SERRAT LTDA,44340248000177,"RUA CONSELHEIRO RODRIGUES ALVES,  60",,CENTRO,7500000,SP,SANTA ISABEL,IPIRANGA,04/11/2009,NÃO,,,ADIMPLENTE
PR/SP0228838,22/08/2022,1286518,AUTO POSTO JARDIM OLIVEIRA LTDA,45026257000150,"AVENIDA SOLON PEREIRA,  257",,JARDIM PARAIBA,12575212,SP,APARECIDA,BANDEIRA BRANCA,22/08/2022,NÃO,,,ADIMPLENTE
PR/SP0008220,24/04/2001,1021137,POSTO TUPY LTDA,45198199000142,"RUA CEL JOSE DE CASTRO,  790",,CENTRO,12701450,SP,CRUZEIRO,VIBRA,24/04/2001,NÃO,,,ADIMPLENTE
PR/SP0012165,30/08/2001,1021143,J L FIGUEIREDO & FILHOS LTDA,45219151000173,"AVENIDA GODOY NETO,  58",,OLARIA,12607060,SP,LORENA,VIBRA,30/08/2001,NÃO,,,ADIMPLENTE
PR/SP0023339,12/03/2002,1021144,LINDEN ADMINISTRACAO PARTICIPACOES EMPREENDIMENTOS E SE,45224128000177,"AVENIDA NOSSA SENHORA DO BOM SUCESSO,  1.754",,ALTO DO CARDOSO,12420010,SP,PINDAMONHANGABA,VIBRA,12/03/2002,NÃO,,,ADIMPLENTE
PR/SP0017308,14/11/2001,1021159,AUTO POSTO FONTE LUMINOSA SAO PAULO LTDA,45295615000120,"RUA CEL. MARTINS,  217",,CENTRO,12260005,SP,PARAIBUNA,BANDEIRA BRANCA,14/11/2001,NÃO,,,ADIMPLENTE
PR/SP0247130,01/07/2024,1021300,REDE DE POSTOS SETE ESTRELAS LTDA,45694437000372,"RUA ANTONIO JOSE DA CRUZ,  923",,VILA WASHINGTON BELEZA,12702530,SP,CRUZEIRO,BANDEIRA BRANCA,01/07/2024,NÃO,,,ADIMPLENTE
PR/SP0026898,03/09/2002,1021304,REDE DE POSTOS SETE ESTRELAS LTDA,45694437000534,"AVENIDA ROTARY CLUBE,  768",,JARDIM AMÉRICA,12702010,SP,CRUZEIRO,BANDEIRA BRANCA,03/09/2002,NÃO,,,ADIMPLENTE
PR/SP0182303,15/02/2005,1035603,REDE DE POSTOS SETE ESTRELAS LTDA,45694437001506,"AVENIDA NOSSA SENHORA DO BOM SUCESSO,  1600",,ALTO DO CARDOSO,12420010,SP,PINDAMONHANGABA,BANDEIRA BRANCA,02/05/2005,NÃO,,,ADIMPLENTE
PR/SP0063462,12/12/2008,1105851,REDE DE POSTOS SETE ESTRELAS LTDA,45694437002740,"AVENIDA MARGINAL,  323",,LAZARO,11680000,SP,UBATUBA,BANDEIRA BRANCA,12/12/2008,NÃO,,,ADIMPLENTE
PR/SP0031337,28/03/2003,1021390,AUTO POSTO PAI TOMAZ LTDA,46156634000139,"RODOVIA PRESIDENTE DUTRA,  S/N",KM    47,ALTO DO CRUZEIRO,12615000,SP,CANAS,IPIRANGA,20/10/2025,NÃO,,,ADIMPLENTE
PR/SP0025690,29/05/2002,1021519,F.J.M BORGES E CIA LTDA,46668505000120,"AVENIDA NESRALLA RUBEZ,  04",,CENTRO,12700000,SP,CRUZEIRO,VIBRA,29/05/2002,NÃO,,,ADIMPLENTE
PR/SP0023464,12/03/2002,1021580,AUTO POSTO CARAGUA LTDA,46979779000130,"AVENIDA MIGUEL VARLEZ,  401",,CENTRO,11660650,SP,CARAGUATATUBA,RAIZEN,12/03/2002,NÃO,,,ADIMPLENTE
PR/SP0004897,20/03/2001,1021614,AUTO POSTO PASSOS & PASSOS LTDA - EPP,47081732000117,"RUA BARAO DO RIO BRANCO,  309",,CENTRO,12570000,SP,APARECIDA,BANDEIRA BRANCA,20/03/2001,NÃO,,,ADIMPLENTE
PR/SP0244948,09/01/2024,1298330,AUTO POSTO CAVALO MARINHO DE CARAGUA LTDA,47352019000160,"AVENIDA JOSE HERCULANO,  7436",,JARDIM PORTO NOVO,11667000,SP,CARAGUATATUBA,IPIRANGA,09/01/2024,NÃO,,,ADIMPLENTE
PR/SP0021770,10/01/2002,1021674,ANTONIO RUBENS FERNANDES - ME,47372719000117,"ESTRADA PARTICULAR,  63",,GUARAIUVA,12935000,SP,VARGEM,BANDEIRA BRANCA,10/01/2002,NÃO,,,ADIMPLENTE
PR/SP0005583,04/04/2001,1021736,AUTO POSTO MALERBA LTDA,47562822000120,"PRACA PREF. ROZENDO P. LEITE,  7",,CENTRO,12604080,SP,LORENA,RAIZEN,04/04/2001,NÃO,,,ADIMPLENTE
PR/SP0173654,01/09/2004,1032280,POSTO B B COMERCIAL LTDA,47967229000163,"RODOVIA BR 459 LORENA ITAJUBA,  S N",KM 64,SEDE,12620000,SP,PIQUETE,IPIRANGA,19/01/2018,NÃO,,,ADIMPLENTE
PR/SP0244132,23/10/2023,1296501,AUTO POSTO BR 116 LTDA,48085695000188,"RODOVIA PRESIDENTE DUTRA,  SN",KM    73,SAO ROQUE,12573240,SP,APARECIDA,IPIRANGA,23/10/2023,NÃO,,,ADIMPLENTE
PR/SP0018130,03/12/2001,1021851,AUTO POSTO PARAIBUNA LTDA,48287601000153,"PRACA MAJ MARC A DE MOURA,  02",,,12260000,SP,PARAIBUNA,VIBRA,03/12/2001,NÃO,,,ADIMPLENTE
PR/SP0029376,29/11/2002,1021989,AUTO POSTO LAGOINHA LTDA,48974869000163,"AVENIDA MAJOR SOARES,  225",,CENTRO,12130000,SP,LAGOINHA,VIBRA,29/11/2002,NÃO,,,ADIMPLENTE
PR/SP0011464,12/07/2001,1022044,AUTO POSTO MARELI LTDA,49191232000163,"AVENIDA ANCHIETA,  909",R. DR ALTINO ARANTES      N 586,CENTRO,11660010,SP,CARAGUATATUBA,IPIRANGA,12/07/2001,NÃO,,,ADIMPLENTE
PR/SP0023499,15/03/2002,1022184,POSTO DA FIGUEIRA LORENA LTDA,50000637000156,"RODOVIA PRESIDENTE DUTRA,  2.600",KM    55,PARQUE MONDESIR,12605530,SP,LORENA,BANDEIRA BRANCA,15/03/2002,NÃO,,,ADIMPLENTE
PR/SP0021925,18/01/2002,1022228,AUTO POSTO CIDADE NOVA PINDAMONHANGABA LTDA,50307644000103,"RODOVIA PRESIDENTE DUTRA,  S/N",KM 94,CIDADE NOVA,12400000,SP,PINDAMONHANGABA,VIBRA,30/01/2009,NÃO,,,ADIMPLENTE
PR/SP0246655,15/05/2024,1301580,NOVA ZELANDIA AUTO POSTO LTDA,50316011000153,"AVENIDA FREI PACIFICO WAGNER,  18",,CENTRO,11660280,SP,CARAGUATATUBA,BANDEIRA BRANCA,15/05/2024,NÃO,,,ADIMPLENTE
PR/SP0247059,21/06/2024,1302385,AUTO POSTO REDE WILL LTDA,50874976000161,"AVENIDA PRESIDENTE CASTELO BRANCO,  687",,SUMARÉ,11613300,SP,CARAGUATATUBA,BANDEIRA BRANCA,21/06/2024,NÃO,,,ADIMPLENTE
PR/SP0019560,18/01/2002,1022308,A. DUARTE TZITZI & CIA LTDA,50882125000160,"RODOVIA PRESIDENTE DUTRA,  S/N",KM 09,CENTRO,12060670,SP,QUELUZ,BANDEIRA BRANCA,12/03/2007,NÃO,,,ADIMPLENTE
PR/SP0025251,14/05/2002,1022347,AUTO POSTO JAMBEIRENSE LTDA,51036572000161,"RUA ANTONIO DE CASTRO LEITE,  179",,CENTRO,12270000,SP,JAMBEIRO,VIBRA,14/05/2002,NÃO,,,ADIMPLENTE
PR/SP0173169,03/09/2004,1032281,AUTO POSTO CONDE LTDA,51784098000156,"AVENIDA TARGINO VILELA NUNES,  474",,VILA NUNES,12600350,SP,LORENA,BANDEIRA BRANCA,25/09/2018,NÃO,,,ADIMPLENTE
PR/SP0006350,24/04/2001,1022459,POSTO CENTRAL DE SANTA ISABEL LTDA,52114220000140,"RUA SANTA CRUZ,  30",,CENTRO,7500000,SP,SANTA ISABEL,IPIRANGA,04/11/2009,NÃO,,,ADIMPLENTE
PR/SP0005675,04/04/2001,1022484,AUTO POSTO SANTA RITA DE APARECIDA UNIPESSOAL LTDA,52293396000106,"AVENIDA GETULIO VARGAS,  823",,SANTA RITA,12570000,SP,APARECIDA,IPIRANGA,02/10/2023,NÃO,,,ADIMPLENTE
PR/SP0024614,03/04/2002,1022558,AUTO POSTO T R PINHO LTDA,52889656000100,"RUA CORONEL AQUILES PEDERNEIRAS,  130",TERREOESQ.AV.CEL.MARCIANO,SANTO ANTONIO,12608600,SP,LORENA,BANDEIRA BRANCA,03/04/2002,NÃO,,,ADIMPLENTE
PR/SP0023938,03/04/2002,1022593,AUTO POSTO JOIA DA DUTRA LTDA,53163580000102,"RODOVIA PRESIDENTE DUTRA,  S/N","KM 87,5",MOREIRA CESAR,12440970,SP,PINDAMONHANGABA,IPIRANGA,04/11/2009,NÃO,,,ADIMPLENTE
PR/SP0252341,19/03/2026,1317245,AUTO POSTO FACILL CENTRAL LTDA,53198532000141,"RUA PRUDENTE DE MORAES,  425",,CENTRO,12400230,SP,PINDAMONHANGABA,BANDEIRA BRANCA,19/03/2026,NÃO,,,ADIMPLENTE
PR/SP0018138,03/12/2001,1022671,AUTO POSTO TANGERINO LTDA,53651907000187,"AVENIDA PRINCESA ISABEL,  383",,BARRA VELHA,11630067,SP,ILHABELA,IPIRANGA,07/08/2014,NÃO,,,ADIMPLENTE
PR/SP0010975,12/07/2001,1022712,B.V.MIGOTO & MIGOTO LTDA,53872784000104,"RUA BARAO DO RIO BRANCO,  220",,CENTRO,12570000,SP,APARECIDA,VIBRA,03/08/2011,NÃO,,,ADIMPLENTE
PR/SP0017916,04/03/2011,1022744,AUTO POSTO ROTA DO SOL LTDA,54050869000170,"AVENIDA RIO BRANCO,  383",,INDAIA,11674210,SP,CARAGUATATUBA,RAIZEN,20/01/2014,NÃO,,,ADIMPLENTE
PR/SP0023277,05/03/2002,1022766,AUTO POSTO AVENIDA BOM SUCESSO LTDA,54125844000198,"AVENIDA N SRA DO BOM SUCESSO,  841",,CAMPO ALEGRE,12420010,SP,PINDAMONHANGABA,IPIRANGA,04/11/2009,NÃO,,,ADIMPLENTE
PR/SP0019849,23/01/2002,1022767,AUTO POSTO LIDER PINDAMONHANGABA LTDA,54126669000153,"RUA SAO JOAO BOSCO,  930",SANTANA,TABAU,12403010,SP,PINDAMONHANGABA,RAIZEN,18/05/2011,NÃO,,,ADIMPLENTE
PR/SP0024688,03/04/2002,1022824,AUTO POSTO KAMOME LTDA,54549159000199,"RODOVIA BR 101,  SN",KM 50,ESTUFA,11680000,SP,UBATUBA,IPIRANGA,04/11/2009,NÃO,,,ADIMPLENTE
PR/SP0192642,10/06/2019,1254557,CENTRO AUTOMOTIVO SETE ESTRELAS LTDA,55278543000833,"LARGO COMENDADOR FREIRE,  30",,CENTRO,12250000,SP,MONTEIRO LOBATO,BANDEIRA BRANCA,14/03/2022,NÃO,,,ADIMPLENTE
PR/SP0020478,07/02/2002,1022960,AUTO POSTO VARGEM LTDA,55549638000178,"RUA GERALDINO DE OLIVEIRA,  520",,CENTRO,12935000,SP,VARGEM,BANDEIRA BRANCA,07/02/2002,NÃO,,,ADIMPLENTE
PR/SP0009083,08/05/2001,1022995,AUTO POSTO PRAIA DO INDAIA LTDA,55647267000167,"AVENIDA RIO BRANCO,  1435",KM 103+300 MTS,INDAIA,11675050,SP,CARAGUATATUBA,BANDEIRA BRANCA,19/05/2021,NÃO,,,ADIMPLENTE
PR/SP0025730,29/05/2002,1023002,POSTO ESTRELA DA DUTRA LTDA,55662191000149,"RUA ANTONIO JUSTINO RIBEIRO,  136",KM    6,ESTRELA,12800000,SP,QUELUZ,BANDEIRA BRANCA,01/10/2025,NÃO,,,ADIMPLENTE
PR/SP0248322,27/11/2024,1305963,AUTO POSTO PARQUE LORENA LTDA,55792308000109,"AVENIDA TOMAZ ALVES DE FIGUEIREDO,  450",LOTE  10                  QUADRA30,CIDADE INDUSTRIAL,12609166,SP,LORENA,BANDEIRA BRANCA,27/11/2024,NÃO,,,ADIMPLENTE
PR/SP0250591,25/08/2025,1312393,AUTO POSTO GNV DE LORENA LTDA,55915336000176,"RUA CASTRO ALVES,  613",,CRUZ (VILA ZELIA),12606560,SP,LORENA,BANDEIRA BRANCA,25/08/2025,NÃO,,,ADIMPLENTE
PR/SP0013547,30/08/2001,1023130,AUTO POSTO CAPITAL DO SURF LTDA.,56608763000174,"RUA PROFESSOR THOMAZ GALHARDO,  1151",,UMUARAMA,11690436,SP,UBATUBA,VIBRA,30/08/2001,NÃO,,,ADIMPLENTE
PR/SP0249664,07/05/2025,1309527,AUTO POSTO CAICARA DE CARAGUA LTDA,57247175000115,"AVENIDA JOSE HERCULANO,  4687",,JARDIM BRITANIA,11666000,SP,CARAGUATATUBA,RAIZEN,07/05/2025,NÃO,,,ADIMPLENTE
PR/SP0000899,18/08/2000,1023190,ANTONIO MENDES DA ROCHA CRUZEIRO,57316853000154,"RUA CAPITAO NECO,  1400",,VILA REGINA CELIA,12701350,SP,CRUZEIRO,BANDEIRA BRANCA,18/08/2000,NÃO,,,ADIMPLENTE
PR/SP0004248,15/03/2001,1023336,AUTO POSTO CHALITA LTDA - EPP,58468653000180,"AVENIDA SEVERINO M BARBOSA,  126",,CENTRO,12630000,SP,CACHOEIRA PAULISTA,BANDEIRA BRANCA,08/03/2011,NÃO,,,ADIMPLENTE
PR/SP0027499,20/09/2002,1023488,ILHA BELA POSTO DE SERVICOS LTDA,59434027000135,"AVENIDA PRINCESA ISABEL,  2727",,BARRA VELHA,11630067,SP,ILHABELA,IPIRANGA,04/11/2009,NÃO,,,ADIMPLENTE
PR/SP0003690,15/03/2001,1023540,ABASTECIMENTO E PECAS PIT STOP LTDA,59660886000142,"AVENIDA PADROEIRA DO BRASIL,  1080",,DA AROEIRA,12570000,SP,APARECIDA,IPIRANGA,04/11/2009,NÃO,,,ADIMPLENTE
PR/SP0086470,28/09/2010,1166272,COOPERATIVA LATICINIOS DE SAO JOSE DOS CAMPOS,60179462001200,"AVENIDA SÃO JOSÉ DOS CAMPOS,  262",A,CENTRO,12260000,SP,PARAIBUNA,IPIRANGA,28/09/2010,NÃO,,,ADIMPLENTE
PR/SP0016245,29/09/2011,1023667,AUTO POSTO PRAIA DAS PALMEIRAS LTDA,60390887000101,"RUA PAI FELICIO,  S/N",,PRAIA DAS PALMEIRAS,11666450,SP,CARAGUATATUBA,BANDEIRA BRANCA,13/05/2025,NÃO,,,ADIMPLENTE
PR/SP0012618,30/08/2001,1023752,AUTO POSTO LIDER VILLAGE DE CRUZEIRO LTDA,60792694000179,"RUA TEODORO QUARTIM BARBOSA,  580",,RETIRO MANTIQUEIRA,12720690,SP,CRUZEIRO,IPIRANGA,24/06/2015,NÃO,,,ADIMPLENTE
PR/SP0022023,28/02/2002,1023809,ESCORT AUTO POSTO LTDA,61025854000117,"AVENIDA PRINCESA IZABEL,  1723",,PEREQUE,11630000,SP,ILHABELA,VIBRA,28/02/2002,NÃO,,,ADIMPLENTE
PR/SP0020046,23/01/2002,1023882,AUTO POSTO ASA DELTA LTDA,61279832000183,"RUA BENEDITO R DOS SANTOS FILHO,  34",CASA 01,PONTA SANTA MARINA,11672140,SP,CARAGUATATUBA,IPIRANGA,04/11/2009,NÃO,,,ADIMPLENTE
PR/SP0017913,09/01/2002,1023948,CARAUBA AUTO POSTO LTDA,61501961000174,"AVENIDA JOSE AMADOR GALVAO,  26",,CIDADE JARDIM,11664100,SP,CARAGUATATUBA,VIBRA,25/03/2010,NÃO,,,ADIMPLENTE
PR/SP0030677,22/02/2003,1024134,A.P. SÃO JOSE AREIAS LTDA,62411129000140,"RUA COMENDADOR SAMPAIO,  S/N",,CENTRO,12820000,SP,AREIAS,CIAPETRO,22/10/2013,NÃO,,,ADIMPLENTE
PR/SP0023250,05/03/2002,1024399,E GOMES DA SILVA & CIA LTDA,64141526000174,"AVENIDA MARECHAL ARGOLO,  1162",,VILA PASSOS,12604440,SP,LORENA,BANDEIRA BRANCA,14/05/2018,NÃO,,,ADIMPLENTE
PR/SP0018749,14/12/2001,1024473,AUTO POSTO SACO DA RIBEIRA LTDA,64591175000101,"RODOVIA CARAGUATATUBA UBATUBA,  SN",KM 63,SACO DA RIBEIRA,11680000,SP,UBATUBA,RAIZEN,14/12/2001,NÃO,,,ADIMPLENTE
PR/SP0017338,26/09/2001,1024590,M DO CARMO CEZAR,65445280000197,"AVENIDA GETULIO VARGAS,  969",,SANTA RITA,12570000,SP,APARECIDA,BANDEIRA BRANCA,01/01/2004,NÃO,,,ADIMPLENTE
PR/SP0173925,29/01/2016,1024748,AUTO POSTO BRISA DO MAR LTDA,66571282000195,"RUA BEGONIAS,  223",,JARDIM CAROLINA,11680000,SP,UBATUBA,BANDEIRA BRANCA,30/07/2024,NÃO,,,ADIMPLENTE
PR/SP0020975,08/02/2002,1024867,AUTO POSTO ESTRADA DOS TROPEIROS LTDA,67565796000109,"PRACA DOS EX-COMBATENTES DE 32,  S/N",,CENTRO,12690000,SP,SILVEIRAS,BANDEIRA BRANCA,20/11/2012,NÃO,,,ADIMPLENTE
PR/SP0004325,15/03/2001,1024918,POSTO ARCO IRIS DE APARECIDA LTDA,68107879000109,"RODOVIA PRESIDENTE DUTRA,  S/N",KM    75,ITAGUASSU,12570000,SP,APARECIDA,VIBRA,08/12/2021,NÃO,,,ADIMPLENTE
PR/SP0003268,15/03/2001,1025358,MUCELIN- COMERCIO DE COMBUSTIVEIS LTDA,72028913000127,"RUA HEPACARE,  120",,CENTRO,12600340,SP,LORENA,RAIZEN,11/08/2025,NÃO,,,ADIMPLENTE
PR/SP0020335,07/02/2002,1025730,WILSON V DA SILVA CUNHA,74639006000140,"ALM  FRANCISCO DA C MENEZES,  1505",,FALCAO,12530000,SP,CUNHA,VIBRA,23/01/2009,NÃO,,,ADIMPLENTE
